{
  "color" : {
    "palette" : {
      "primary" : {
        "primary015" : {
          "description" : "$palette-primary-015 (A1)\n\nhex: : #F4F9FD\nL*: 97.66 (97.5)\n\n#FFFFFF-4.5:1: false\n#FFFFFF-3.0:1: false\n#000000-4.5:1: true\n#000000-3.0:1: true\n",
          "type" : "color",
          "value" : "#f4f9fdff",
          "blendMode" : "normal",
          "extensions" : {
            "org.lukasoppermann.figmaDesignTokens" : {
              "styleId" : "S:e111da4106a1720bc0e8235059579c9f0da70ceb,",
              "exportKey" : "color"
            }
          }
        },
        "primary025" : {
          "description" : "$palette-primary-025 (A2)\n\nhex: : #E9F2FA\nL*: 95.05 (95)\n\n#FFFFFF-4.5:1: false\n#FFFFFF-3.0:1: false\n#000000-4.5:1: true\n#000000-3.0:1: true\n",
          "type" : "color",
          "value" : "#e9f2faff",
          "blendMode" : "normal",
          "extensions" : {
            "org.lukasoppermann.figmaDesignTokens" : {
              "styleId" : "S:92f9fed94bf49bf833791184e754282f230a5421,",
              "exportKey" : "color"
            }
          }
        },
        "primary050" : {
          "description" : "$palette-primary-050 (A3)\n\nhex: : #D5E4F2\nL*: 89.88 (90)\n\n#FFFFFF-4.5:1: false\n#FFFFFF-3.0:1: false\n#000000-4.5:1: true\n#000000-3.0:1: true\n",
          "type" : "color",
          "value" : "#d5e4f2ff",
          "blendMode" : "normal",
          "extensions" : {
            "org.lukasoppermann.figmaDesignTokens" : {
              "styleId" : "S:0271633a141ee3c1c6211e8f68a900e5407b78bc,",
              "exportKey" : "color"
            }
          }
        },
        "primary075" : {
          "description" : "$palette-primary-075 (A5)\n\nhex: : #ABCAE4\nL*: 79.9 (80)\n\n#FFFFFF-4.5:1: false\n#FFFFFF-3.0:1: false\n#000000-4.5:1: true\n#000000-3.0:1: true\n",
          "type" : "color",
          "value" : "#abcae4ff",
          "blendMode" : "normal",
          "extensions" : {
            "org.lukasoppermann.figmaDesignTokens" : {
              "styleId" : "S:dbe69df4b5fb7c7f86244c1792cd296773560b0f,",
              "exportKey" : "color"
            }
          }
        },
        "primary085" : {
          "description" : "$palette-primary-085 (A7)\n\nhex: : #81B0D9\nL*: 69.98 (70)\n\n#FFFFFF-4.5:1: false\n#FFFFFF-3.0:1: false\n#000000-4.5:1: true\n#000000-3.0:1: true\n",
          "type" : "color",
          "value" : "#81b0d9ff",
          "blendMode" : "normal",
          "extensions" : {
            "org.lukasoppermann.figmaDesignTokens" : {
              "styleId" : "S:4083e30e81bbdd33908151e07af122bdfde190e0,",
              "exportKey" : "color"
            }
          }
        },
        "primary100" : {
          "description" : "$palette-primary-100 (A9)\n\nhex: : #5696CA\nL*: 59.94 (60)\n\n#FFFFFF-4.5:1: false\n#FFFFFF-3.0:1: true\n#000000-4.5:1: true\n#000000-3.0:1: true\n",
          "type" : "color",
          "value" : "#5696caff",
          "blendMode" : "normal",
          "extensions" : {
            "org.lukasoppermann.figmaDesignTokens" : {
              "styleId" : "S:dfee2674179849e32fb00127c0d8e5d2aeb7290d,",
              "exportKey" : "color"
            }
          }
        },
        "primary200" : {
          "description" : "$palette-primary-200 (A10)\n\nhex: : #4089C2\nL*: 54.94 (55)\n\n#FFFFFF-4.5:1: false\n#FFFFFF-3.0:1: true\n#000000-4.5:1: true\n#000000-3.0:1: true\n",
          "type" : "color",
          "value" : "#4089c2ff",
          "blendMode" : "normal",
          "extensions" : {
            "org.lukasoppermann.figmaDesignTokens" : {
              "styleId" : "S:1c81afa80cf60a117c41061779b661dd48cc696a,",
              "exportKey" : "color"
            }
          }
        },
        "primary300" : {
          "description" : "$palette-primary-300 (A11)\n\nhex: : #1E7CBB\nL*: 49.83 (50)\n\n#FFFFFF-4.5:1: true\n#FFFFFF-3.0:1: true\n#000000-4.5:1: true\n#000000-3.0:1: true\n",
          "type" : "color",
          "value" : "#1e7cbbff",
          "blendMode" : "normal",
          "extensions" : {
            "org.lukasoppermann.figmaDesignTokens" : {
              "styleId" : "S:c9bb64b28c03296edfdf23112367fb8e545d6eaf,",
              "exportKey" : "color"
            }
          }
        },
        "primary400" : {
          "description" : "$palette-primary-400 (A12)\n\nhex: : #0274B6\nL*: 46.82 (45)\n\n#FFFFFF-4.5:1: true\n#FFFFFF-3.0:1: true\n#000000-4.5:1: false\n#000000-3.0:1: true\n",
          "type" : "color",
          "value" : "#0274b6ff",
          "blendMode" : "normal",
          "extensions" : {
            "org.lukasoppermann.figmaDesignTokens" : {
              "styleId" : "S:19b3808a7184c56d54cb07523b732f8d8fcd09b9,",
              "exportKey" : "color"
            }
          }
        },
        "primary500" : {
          "description" : "$palette-primary-500 (A13)\n\nhex: : #00639D\nL*: 40.17 (40)\n\n#FFFFFF-4.5:1: true\n#FFFFFF-3.0:1: true\n#000000-4.5:1: false\n#000000-3.0:1: true\n",
          "type" : "color",
          "value" : "#00639dff",
          "blendMode" : "normal",
          "extensions" : {
            "org.lukasoppermann.figmaDesignTokens" : {
              "styleId" : "S:28f609fcd60ff77c1afdd7580dbc0fabf52ad7cb,",
              "exportKey" : "color"
            }
          }
        },
        "primary600" : {
          "description" : "$palette-primary-600 (A15)\n\nhex: : #044A76\nL*: 29.99 (30)\n\n#FFFFFF-4.5:1: true\n#FFFFFF-3.0:1: true\n#000000-4.5:1: false\n#000000-3.0:1: false\n",
          "type" : "color",
          "value" : "#044a76ff",
          "blendMode" : "normal",
          "extensions" : {
            "org.lukasoppermann.figmaDesignTokens" : {
              "styleId" : "S:40893e3e433ae218e7bfca27639959069e4b88f0,",
              "exportKey" : "color"
            }
          }
        },
        "primary700" : {
          "description" : "$palette-primary-700 (A17)\n\nhex: : #003355\nL*: 20.14 (20)\n\n#FFFFFF-4.5:1: true\n#FFFFFF-3.0:1: true\n#000000-4.5:1: false\n#000000-3.0:1: false\n",
          "type" : "color",
          "value" : "#003355ff",
          "blendMode" : "normal",
          "extensions" : {
            "org.lukasoppermann.figmaDesignTokens" : {
              "styleId" : "S:39eb2c2f436669a516b6e078a2fcc2cd30732461,",
              "exportKey" : "color"
            }
          }
        },
        "primary800" : {
          "description" : "$palette-primary-800 (A18)\n\nhex: : #022843\nL*: 15.15 (15)\n\n#FFFFFF-4.5:1: true\n#FFFFFF-3.0:1: true\n#000000-4.5:1: false\n#000000-3.0:1: false\n",
          "type" : "color",
          "value" : "#022843ff",
          "blendMode" : "normal",
          "extensions" : {
            "org.lukasoppermann.figmaDesignTokens" : {
              "styleId" : "S:8016572a6f5316811ca691168e06da26f071bce3,",
              "exportKey" : "color"
            }
          }
        },
        "primary900" : {
          "description" : "$palette-primary-900 (A19)\n\nhex: : #001D33\nL*: 9.94 (10)\n\n#FFFFFF-4.5:1: true\n#FFFFFF-3.0:1: true\n#000000-4.5:1: false\n#000000-3.0:1: false\n",
          "type" : "color",
          "value" : "#001d33ff",
          "blendMode" : "normal",
          "extensions" : {
            "org.lukasoppermann.figmaDesignTokens" : {
              "styleId" : "S:f3744ead44aa0c1fb9893847c9858167e1bb3eaf,",
              "exportKey" : "color"
            }
          }
        }
      },
      "secondary" : {
        "secondary015" : {
          "description" : "$palette-secondary-015 (B1)\n\nhex: : #F9F7FE\nL*: 97.56 (97.5)\n\n#FFFFFF-4.5:1: false\n#FFFFFF-3.0:1: false\n#000000-4.5:1: true\n#000000-3.0:1: true\n",
          "type" : "color",
          "value" : "#f9f7feff",
          "blendMode" : "normal",
          "extensions" : {
            "org.lukasoppermann.figmaDesignTokens" : {
              "styleId" : "S:2c70324d9b94a953b91877460eed53d05fdd46b2,",
              "exportKey" : "color"
            }
          }
        },
        "secondary025" : {
          "description" : "$palette-secondary-025 (B2)\n\nhex: : #F3EEFC\nL*: 94.84 (95)\n\n#FFFFFF-4.5:1: false\n#FFFFFF-3.0:1: false\n#000000-4.5:1: true\n#000000-3.0:1: true\n",
          "type" : "color",
          "value" : "#f3eefcff",
          "blendMode" : "normal",
          "extensions" : {
            "org.lukasoppermann.figmaDesignTokens" : {
              "styleId" : "S:79cc193c193db5609e09595d2383632942a29c87,",
              "exportKey" : "color"
            }
          }
        },
        "secondary050" : {
          "description" : "$palette-secondary-050 (B3)\n\nhex: : #E7DFF6\nL*: 90.05 (90)\n\n#FFFFFF-4.5:1: false\n#FFFFFF-3.0:1: false\n#000000-4.5:1: true\n#000000-3.0:1: true\n",
          "type" : "color",
          "value" : "#e7dff6ff",
          "blendMode" : "normal",
          "extensions" : {
            "org.lukasoppermann.figmaDesignTokens" : {
              "styleId" : "S:f7f1da2f0c4dcb481ec113573b061a65fd9dbf2b,",
              "exportKey" : "color"
            }
          }
        },
        "secondary075" : {
          "description" : "$palette-secondary-075 (B5)\n\nhex: : #D0BFEF\nL*: 80.13 (80)\n\n#FFFFFF-4.5:1: false\n#FFFFFF-3.0:1: false\n#000000-4.5:1: true\n#000000-3.0:1: true\n",
          "type" : "color",
          "value" : "#d0bfefff",
          "blendMode" : "normal",
          "extensions" : {
            "org.lukasoppermann.figmaDesignTokens" : {
              "styleId" : "S:55e86c358f8e3f41275f4b5e21237bfb93440a62,",
              "exportKey" : "color"
            }
          }
        },
        "secondary085" : {
          "description" : "$palette-secondary-085 (B7)\n\nhex: : #B99FE5\nL*: 70.01 (70)\n\n#FFFFFF-4.5:1: false\n#FFFFFF-3.0:1: false\n#000000-4.5:1: true\n#000000-3.0:1: true\n",
          "type" : "color",
          "value" : "#b99fe5ff",
          "blendMode" : "normal",
          "extensions" : {
            "org.lukasoppermann.figmaDesignTokens" : {
              "styleId" : "S:ed21ccbc1f304eaa9baeeeb6bb48f50669d0e449,",
              "exportKey" : "color"
            }
          }
        },
        "secondary100" : {
          "description" : "$palette-secondary-100 (B9)\n\nhex: : #A37FDB\nL*: 59.96 (60)\n\n#FFFFFF-4.5:1: false\n#FFFFFF-3.0:1: true\n#000000-4.5:1: true\n#000000-3.0:1: true\n",
          "type" : "color",
          "value" : "#a37fdbff",
          "blendMode" : "normal",
          "extensions" : {
            "org.lukasoppermann.figmaDesignTokens" : {
              "styleId" : "S:aef64b49cd140c25e6f65a9d4c4f35d0081aada3,",
              "exportKey" : "color"
            }
          }
        },
        "secondary200" : {
          "description" : "$palette-secondary-200 (B10)\n\nhex: : #9770D3\nL*: 54.94 (55)\n\n#FFFFFF-4.5:1: false\n#FFFFFF-3.0:1: true\n#000000-4.5:1: true\n#000000-3.0:1: true\n",
          "type" : "color",
          "value" : "#9770d3ff",
          "blendMode" : "normal",
          "extensions" : {
            "org.lukasoppermann.figmaDesignTokens" : {
              "styleId" : "S:434da82b6da9caecdfe7eca903ab41c0797882e8,",
              "exportKey" : "color"
            }
          }
        },
        "secondary300" : {
          "description" : "$palette-secondary-300 (B11)\n\nhex: : #8D5FCD\nL*: 49.8 (50)\n\n#FFFFFF-4.5:1: true\n#FFFFFF-3.0:1: true\n#000000-4.5:1: true\n#000000-3.0:1: true\n",
          "type" : "color",
          "value" : "#8d5fcdff",
          "blendMode" : "normal",
          "extensions" : {
            "org.lukasoppermann.figmaDesignTokens" : {
              "styleId" : "S:814906b4cf416282a8fffb7f608df89558b9ae79,",
              "exportKey" : "color"
            }
          }
        },
        "secondary400" : {
          "description" : "$palette-secondary-400 (B12)\n\nhex: : #8856CB\nL*: 47.24 (45)\n\n#FFFFFF-4.5:1: true\n#FFFFFF-3.0:1: true\n#000000-4.5:1: false\n#000000-3.0:1: true\n",
          "type" : "color",
          "value" : "#8856cbff",
          "blendMode" : "normal",
          "extensions" : {
            "org.lukasoppermann.figmaDesignTokens" : {
              "styleId" : "S:6a1b392fa07643bc8130dc8b822b34a56a3cb610,",
              "exportKey" : "color"
            }
          }
        },
        "secondary500" : {
          "description" : "$palette-secondary-500 (B13)\n\nhex: : #7347AD\nL*: 39.86 (40)\n\n#FFFFFF-4.5:1: true\n#FFFFFF-3.0:1: true\n#000000-4.5:1: false\n#000000-3.0:1: true\n",
          "type" : "color",
          "value" : "#7347adff",
          "blendMode" : "normal",
          "extensions" : {
            "org.lukasoppermann.figmaDesignTokens" : {
              "styleId" : "S:3972831aaeeae8543337db051f69cc8b7eec1788,",
              "exportKey" : "color"
            }
          }
        },
        "secondary600" : {
          "description" : "$palette-secondary-600 (B15)\n\nhex: : #563583\nL*: 29.82 (30)\n\n#FFFFFF-4.5:1: true\n#FFFFFF-3.0:1: true\n#000000-4.5:1: false\n#000000-3.0:1: false\n",
          "type" : "color",
          "value" : "#563583ff",
          "blendMode" : "normal",
          "extensions" : {
            "org.lukasoppermann.figmaDesignTokens" : {
              "styleId" : "S:a8b3a9b1c3321e6df354776fad01ddc8252af56a,",
              "exportKey" : "color"
            }
          }
        },
        "secondary700" : {
          "description" : "$palette-secondary-700 (B17)\n\nhex: : #3D235F\nL*: 20.13 (20)\n\n#FFFFFF-4.5:1: true\n#FFFFFF-3.0:1: true\n#000000-4.5:1: false\n#000000-3.0:1: false\n",
          "type" : "color",
          "value" : "#3d235fff",
          "blendMode" : "normal",
          "extensions" : {
            "org.lukasoppermann.figmaDesignTokens" : {
              "styleId" : "S:365fbbb7b4c3e0a1e6e003c11ad5113ab3ea7261,",
              "exportKey" : "color"
            }
          }
        },
        "secondary800" : {
          "description" : "$palette-secondary-800 (B18)\n\nhex: : #2F1B4A\nL*: 14.86 (15)\n\n#FFFFFF-4.5:1: true\n#FFFFFF-3.0:1: true\n#000000-4.5:1: false\n#000000-3.0:1: false\n",
          "type" : "color",
          "value" : "#2f1b4aff",
          "blendMode" : "normal",
          "extensions" : {
            "org.lukasoppermann.figmaDesignTokens" : {
              "styleId" : "S:e5b94643b1e1c7dee2422186164a6c6ce8abc214,",
              "exportKey" : "color"
            }
          }
        },
        "secondary900" : {
          "description" : "$palette-secondary-900 (B19)\n\nhex: : #24133A\nL*: 10.16 (10)\n\n#FFFFFF-4.5:1: true\n#FFFFFF-3.0:1: true\n#000000-4.5:1: false\n#000000-3.0:1: false\n",
          "type" : "color",
          "value" : "#24133aff",
          "blendMode" : "normal",
          "extensions" : {
            "org.lukasoppermann.figmaDesignTokens" : {
              "styleId" : "S:445e679135f36a485cd3c7e7ffaaffb82b4e00c1,",
              "exportKey" : "color"
            }
          }
        }
      },
      "tertiary" : {
        "tertiary015" : {
          "description" : "$palette-tertiary-015 (C1)\n\nhex: : #F9F8F6\nL*: 97.6 (97.5)\n\n#FFFFFF-4.5:1: false\n#FFFFFF-3.0:1: false\n#000000-4.5:1: true\n#000000-3.0:1: true\n",
          "type" : "color",
          "value" : "#f9f8f6ff",
          "blendMode" : "normal",
          "extensions" : {
            "org.lukasoppermann.figmaDesignTokens" : {
              "styleId" : "S:3b924de6bc978043fa4f8140b61e1590f7fcf07d,",
              "exportKey" : "color"
            }
          }
        },
        "tertiary025" : {
          "description" : "$palette-tertiary-025 (C2)\n\nhex: : #F2F0EC\nL*: 94.85 (95)\n\n#FFFFFF-4.5:1: false\n#FFFFFF-3.0:1: false\n#000000-4.5:1: true\n#000000-3.0:1: true\n",
          "type" : "color",
          "value" : "#f2f0ecff",
          "blendMode" : "normal",
          "extensions" : {
            "org.lukasoppermann.figmaDesignTokens" : {
              "styleId" : "S:6da67268d02193250a1338a44700624cb7347f50,",
              "exportKey" : "color"
            }
          }
        },
        "tertiary050" : {
          "description" : "$palette-tertiary-050 (C3)\n\nhex: : #E6E2DB\nL*: 90.01 (90)\n\n#FFFFFF-4.5:1: false\n#FFFFFF-3.0:1: false\n#000000-4.5:1: true\n#000000-3.0:1: true\n",
          "type" : "color",
          "value" : "#e6e2dbff",
          "blendMode" : "normal",
          "extensions" : {
            "org.lukasoppermann.figmaDesignTokens" : {
              "styleId" : "S:42a4d7d4147f093ddcf0bc5884b023f48af64faf,",
              "exportKey" : "color"
            }
          }
        },
        "tertiary075" : {
          "description" : "$palette-tertiary-075 (C5)\n\nhex: : #CDC5B9\nL*: 79.85 (80)\n\n#FFFFFF-4.5:1: false\n#FFFFFF-3.0:1: false\n#000000-4.5:1: true\n#000000-3.0:1: true\n",
          "type" : "color",
          "value" : "#cdc5b9ff",
          "blendMode" : "normal",
          "extensions" : {
            "org.lukasoppermann.figmaDesignTokens" : {
              "styleId" : "S:f9ea76c8ed0ef01ee0096a7dcfc561395564ba3c,",
              "exportKey" : "color"
            }
          }
        },
        "tertiary085" : {
          "description" : "$palette-tertiary-085 (C7)\n\nhex: : #B6AA97\nL*: 70.13 (70)\n\n#FFFFFF-4.5:1: false\n#FFFFFF-3.0:1: false\n#000000-4.5:1: true\n#000000-3.0:1: true\n",
          "type" : "color",
          "value" : "#b6aa97ff",
          "blendMode" : "normal",
          "extensions" : {
            "org.lukasoppermann.figmaDesignTokens" : {
              "styleId" : "S:3d66d102d54affb39eea63bc02ad7d0011845593,",
              "exportKey" : "color"
            }
          }
        },
        "tertiary100" : {
          "description" : "$palette-tertiary-100 (C9)\n\nhex: : #9F8F76\nL*: 60.18 (60)\n\n#FFFFFF-4.5:1: false\n#FFFFFF-3.0:1: true\n#000000-4.5:1: true\n#000000-3.0:1: true\n",
          "type" : "color",
          "value" : "#9f8f76ff",
          "blendMode" : "normal",
          "extensions" : {
            "org.lukasoppermann.figmaDesignTokens" : {
              "styleId" : "S:136698e3ea15fe7bda2cf67fd554a5946a347a80,",
              "exportKey" : "color"
            }
          }
        },
        "tertiary200" : {
          "description" : "$palette-tertiary-200 (C10)\n\nhex: : #928166\nL*: 54.84 (55)\n\n#FFFFFF-4.5:1: false\n#FFFFFF-3.0:1: true\n#000000-4.5:1: true\n#000000-3.0:1: true\n",
          "type" : "color",
          "value" : "#928166ff",
          "blendMode" : "normal",
          "extensions" : {
            "org.lukasoppermann.figmaDesignTokens" : {
              "styleId" : "S:84d5bf3bb373083f213b6ee9fb3ccd6984a1fb59,",
              "exportKey" : "color"
            }
          }
        },
        "tertiary300" : {
          "description" : "$palette-tertiary-300 (C11)\n\nhex: : #877456\nL*: 49.88 (50)\n\n#FFFFFF-4.5:1: true\n#FFFFFF-3.0:1: true\n#000000-4.5:1: true\n#000000-3.0:1: true\n",
          "type" : "color",
          "value" : "#877456ff",
          "blendMode" : "normal",
          "extensions" : {
            "org.lukasoppermann.figmaDesignTokens" : {
              "styleId" : "S:e13c9b23b894fa2d1197beabf7182b2465939929,",
              "exportKey" : "color"
            }
          }
        },
        "tertiary400" : {
          "description" : "$palette-tertiary-400 (C12)\n\nhex: : #816D4D\nL*: 47.16 (45)\n\n#FFFFFF-4.5:1: true\n#FFFFFF-3.0:1: true\n#000000-4.5:1: false\n#000000-3.0:1: true\n",
          "type" : "color",
          "value" : "#816d4dff",
          "blendMode" : "normal",
          "extensions" : {
            "org.lukasoppermann.figmaDesignTokens" : {
              "styleId" : "S:dbef5a63034fca99f516cf252518db778126a7b5,",
              "exportKey" : "color"
            }
          }
        },
        "tertiary500" : {
          "description" : "$palette-tertiary-500 (C13)\n\nhex: : #6E5C40\nL*: 40.15 (40)\n\n#FFFFFF-4.5:1: true\n#FFFFFF-3.0:1: true\n#000000-4.5:1: false\n#000000-3.0:1: true\n",
          "type" : "color",
          "value" : "#6e5c40ff",
          "blendMode" : "normal",
          "extensions" : {
            "org.lukasoppermann.figmaDesignTokens" : {
              "styleId" : "S:7c3b823641533d199803317142d0bea647c02e94,",
              "exportKey" : "color"
            }
          }
        },
        "tertiary600" : {
          "description" : "$palette-tertiary-600 (C15)\n\nhex: : #534530\nL*: 30.18 (30)\n\n#FFFFFF-4.5:1: true\n#FFFFFF-3.0:1: true\n#000000-4.5:1: false\n#000000-3.0:1: false\n",
          "type" : "color",
          "value" : "#534530ff",
          "blendMode" : "normal",
          "extensions" : {
            "org.lukasoppermann.figmaDesignTokens" : {
              "styleId" : "S:535eb080955618fe66691b1034374bb35790833d,",
              "exportKey" : "color"
            }
          }
        },
        "tertiary700" : {
          "description" : "$palette-tertiary-700 (C17)\n\nhex: : #392F1F\nL*: 20.05 (20)\n\n#FFFFFF-4.5:1: true\n#FFFFFF-3.0:1: true\n#000000-4.5:1: false\n#000000-3.0:1: false\n",
          "type" : "color",
          "value" : "#392f1fff",
          "blendMode" : "normal",
          "extensions" : {
            "org.lukasoppermann.figmaDesignTokens" : {
              "styleId" : "S:a30d50c7967ad7f42f61d8a843974886eee3be32,",
              "exportKey" : "color"
            }
          }
        },
        "tertiary800" : {
          "description" : "$palette-tertiary-800 (C18)\n\nhex: : #2D2418\nL*: 14.88 (15)\n\n#FFFFFF-4.5:1: true\n#FFFFFF-3.0:1: true\n#000000-4.5:1: false\n#000000-3.0:1: false\n",
          "type" : "color",
          "value" : "#2d2418ff",
          "blendMode" : "normal",
          "extensions" : {
            "org.lukasoppermann.figmaDesignTokens" : {
              "styleId" : "S:306a166b148d285d937b5dd8cf592cc830f16208,",
              "exportKey" : "color"
            }
          }
        },
        "tertiary900" : {
          "description" : "$palette-tertiary-900 (C19)\n\nhex: : #211B10\nL*: 10.14 (10)\n\n#FFFFFF-4.5:1: true\n#FFFFFF-3.0:1: true\n#000000-4.5:1: false\n#000000-3.0:1: false\n",
          "type" : "color",
          "value" : "#211b10ff",
          "blendMode" : "normal",
          "extensions" : {
            "org.lukasoppermann.figmaDesignTokens" : {
              "styleId" : "S:20f29bb2bcfe9b77b27ce775cb67c951d6ca70c2,",
              "exportKey" : "color"
            }
          }
        }
      },
      "positive" : {
        "positive015" : {
          "description" : "$palette-positive-015 (D1)\n\nhex: : #F4F9F4\nL*: 97.44 (97.5)\n\n#FFFFFF-4.5:1: false\n#FFFFFF-3.0:1: false\n#000000-4.5:1: true\n#000000-3.0:1: true\n",
          "type" : "color",
          "value" : "#f4f9f4ff",
          "blendMode" : "normal",
          "extensions" : {
            "org.lukasoppermann.figmaDesignTokens" : {
              "styleId" : "S:f13c29645e5cbdd9160e207034eb6b1e7b383b3c,",
              "exportKey" : "color"
            }
          }
        },
        "positive025" : {
          "description" : "$palette-positive-025 (D2)\n\nhex: : #EAF4E8\nL*: 95.17 (95)\n\n#FFFFFF-4.5:1: false\n#FFFFFF-3.0:1: false\n#000000-4.5:1: true\n#000000-3.0:1: true\n",
          "type" : "color",
          "value" : "#eaf4e8ff",
          "blendMode" : "normal",
          "extensions" : {
            "org.lukasoppermann.figmaDesignTokens" : {
              "styleId" : "S:37234443fb9d34d3b4f2b86e4b09cc80fb5cea32,",
              "exportKey" : "color"
            }
          }
        },
        "positive050" : {
          "description" : "$palette-positive-050 (D3)\n\nhex: : #D5E7D3\nL*: 89.86 (90)\n\n#FFFFFF-4.5:1: false\n#FFFFFF-3.0:1: false\n#000000-4.5:1: true\n#000000-3.0:1: true\n",
          "type" : "color",
          "value" : "#d5e7d3ff",
          "blendMode" : "normal",
          "extensions" : {
            "org.lukasoppermann.figmaDesignTokens" : {
              "styleId" : "S:62ebc5d5272a0f62ea562fb6e1bb2afa34594c2b,",
              "exportKey" : "color"
            }
          }
        },
        "positive075" : {
          "description" : "$palette-positive-075 (D5)\n\nhex: : #ADD0A9\nL*: 80.1 (80)\n\n#FFFFFF-4.5:1: false\n#FFFFFF-3.0:1: false\n#000000-4.5:1: true\n#000000-3.0:1: true\n",
          "type" : "color",
          "value" : "#add0a9ff",
          "blendMode" : "normal",
          "extensions" : {
            "org.lukasoppermann.figmaDesignTokens" : {
              "styleId" : "S:545d80b704bc1737e8ca69cbf56268bd9e327981,",
              "exportKey" : "color"
            }
          }
        },
        "positive085" : {
          "description" : "$palette-positive-085 (D7)\n\nhex: : #82B97C\nL*: 70.1 (70)\n\n#FFFFFF-4.5:1: false\n#FFFFFF-3.0:1: false\n#000000-4.5:1: true\n#000000-3.0:1: true\n",
          "type" : "color",
          "value" : "#82b97cff",
          "blendMode" : "normal",
          "extensions" : {
            "org.lukasoppermann.figmaDesignTokens" : {
              "styleId" : "S:671a47269266f0bc66169315ba832cd75d02fc87,",
              "exportKey" : "color"
            }
          }
        },
        "positive100" : {
          "description" : "$palette-positive-100 (D9)\n\nhex: : #58A151\nL*: 60.03 (60)\n\n#FFFFFF-4.5:1: false\n#FFFFFF-3.0:1: true\n#000000-4.5:1: true\n#000000-3.0:1: true\n",
          "type" : "color",
          "value" : "#58a151ff",
          "blendMode" : "normal",
          "extensions" : {
            "org.lukasoppermann.figmaDesignTokens" : {
              "styleId" : "S:0c82f3a07006f729d8cce1f9046a55ef7eace411,",
              "exportKey" : "color"
            }
          }
        },
        "positive200" : {
          "description" : "$palette-positive-200 (D10)\n\nhex: : #43953C\nL*: 55.09 (55)\n\n#FFFFFF-4.5:1: false\n#FFFFFF-3.0:1: true\n#000000-4.5:1: true\n#000000-3.0:1: true\n",
          "type" : "color",
          "value" : "#43953cff",
          "blendMode" : "normal",
          "extensions" : {
            "org.lukasoppermann.figmaDesignTokens" : {
              "styleId" : "S:a7983c3d5e83e73c06769265f265202be6a37dee,",
              "exportKey" : "color"
            }
          }
        },
        "positive300" : {
          "description" : "$palette-positive-300 (D11)\n\nhex: : #22891C\nL*: 49.87 (50)\n\n#FFFFFF-4.5:1: true\n#FFFFFF-3.0:1: true\n#000000-4.5:1: true\n#000000-3.0:1: true\n",
          "type" : "color",
          "value" : "#22891cff",
          "blendMode" : "normal",
          "extensions" : {
            "org.lukasoppermann.figmaDesignTokens" : {
              "styleId" : "S:f1cd0b2bd9293d591b4b513a46c4201467094406,",
              "exportKey" : "color"
            }
          }
        },
        "positive400" : {
          "description" : "$palette-positive-400 (D12)\n\nhex: : #0A8200\nL*: 47.01 (45)\n\n#FFFFFF-4.5:1: true\n#FFFFFF-3.0:1: true\n#000000-4.5:1: false\n#000000-3.0:1: true\n",
          "type" : "color",
          "value" : "#0a8200ff",
          "blendMode" : "normal",
          "extensions" : {
            "org.lukasoppermann.figmaDesignTokens" : {
              "styleId" : "S:e5d110cd41218a3417e0ce221bd7168012cee773,",
              "exportKey" : "color"
            }
          }
        },
        "positive500" : {
          "description" : "$palette-positive-500 (D13)\n\nhex: : #096E00\nL*: 39.93 (40)\n\n#FFFFFF-4.5:1: true\n#FFFFFF-3.0:1: true\n#000000-4.5:1: false\n#000000-3.0:1: true\n",
          "type" : "color",
          "value" : "#096e00ff",
          "blendMode" : "normal",
          "extensions" : {
            "org.lukasoppermann.figmaDesignTokens" : {
              "styleId" : "S:3c51e49a1fbfb73af2d3d8713ba2996cd676ed67,",
              "exportKey" : "color"
            }
          }
        },
        "positive600" : {
          "description" : "$palette-positive-600 (D15)\n\nhex: : #065301\nL*: 29.98 (30)\n\n#FFFFFF-4.5:1: true\n#FFFFFF-3.0:1: true\n#000000-4.5:1: false\n#000000-3.0:1: false\n",
          "type" : "color",
          "value" : "#065301ff",
          "blendMode" : "normal",
          "extensions" : {
            "org.lukasoppermann.figmaDesignTokens" : {
              "styleId" : "S:1dbb2581bfb1feb8e27ca9ad51960621ccb1066d,",
              "exportKey" : "color"
            }
          }
        },
        "positive700" : {
          "description" : "$palette-positive-700 (D17)\n\nhex: : #003A00\nL*: 20.15 (20)\n\n#FFFFFF-4.5:1: true\n#FFFFFF-3.0:1: true\n#000000-4.5:1: false\n#000000-3.0:1: false\n",
          "type" : "color",
          "value" : "#003a00ff",
          "blendMode" : "normal",
          "extensions" : {
            "org.lukasoppermann.figmaDesignTokens" : {
              "styleId" : "S:78f06a996cb98b2a32d837e2c205e30d9c18b79a,",
              "exportKey" : "color"
            }
          }
        },
        "positive800" : {
          "description" : "$palette-positive-800 (D18)\n\nhex: : #022D02\nL*: 14.92 (15)\n\n#FFFFFF-4.5:1: true\n#FFFFFF-3.0:1: true\n#000000-4.5:1: false\n#000000-3.0:1: false\n",
          "type" : "color",
          "value" : "#022d02ff",
          "blendMode" : "normal",
          "extensions" : {
            "org.lukasoppermann.figmaDesignTokens" : {
              "styleId" : "S:f36dfc3df2a3c36fa14101c836b5ce181b8a13de,",
              "exportKey" : "color"
            }
          }
        },
        "positive900" : {
          "description" : "$palette-positive-900 (D19)\n\nhex: : #012200\nL*: 10.19 (10)\n\n#FFFFFF-4.5:1: true\n#FFFFFF-3.0:1: true\n#000000-4.5:1: false\n#000000-3.0:1: false\n",
          "type" : "color",
          "value" : "#012200ff",
          "blendMode" : "normal",
          "extensions" : {
            "org.lukasoppermann.figmaDesignTokens" : {
              "styleId" : "S:7ba1c6a05cfe6d2883e338a435869e1c05c7f047,",
              "exportKey" : "color"
            }
          }
        }
      },
      "negative" : {
        "negative015" : {
          "description" : "$palette-negative-015 (E1)\n\nhex: : #FFF6F4\nL*: 97.51 (97.5)\n\n#FFFFFF-4.5:1: false\n#FFFFFF-3.0:1: false\n#000000-4.5:1: true\n#000000-3.0:1: true\n",
          "type" : "color",
          "value" : "#fff6f4ff",
          "blendMode" : "normal",
          "extensions" : {
            "org.lukasoppermann.figmaDesignTokens" : {
              "styleId" : "S:4e393b3717f4cfeeb64b72d94ad928f061738eaa,",
              "exportKey" : "color"
            }
          }
        },
        "negative025" : {
          "description" : "$palette-negative-025 (E2)\n\nhex: : #FFEDEA\nL*: 95.06 (95)\n\n#FFFFFF-4.5:1: false\n#FFFFFF-3.0:1: false\n#000000-4.5:1: true\n#000000-3.0:1: true\n",
          "type" : "color",
          "value" : "#ffedeaff",
          "blendMode" : "normal",
          "extensions" : {
            "org.lukasoppermann.figmaDesignTokens" : {
              "styleId" : "S:07d44b441ccab7bdd76661b1464dc51733188a1d,",
              "exportKey" : "color"
            }
          }
        },
        "negative050" : {
          "description" : "$palette-negative-050 (E3)\n\nhex: : #FEDAD4\nL*: 89.85 (90)\n\n#FFFFFF-4.5:1: false\n#FFFFFF-3.0:1: false\n#000000-4.5:1: true\n#000000-3.0:1: true\n",
          "type" : "color",
          "value" : "#fedad4ff",
          "blendMode" : "normal",
          "extensions" : {
            "org.lukasoppermann.figmaDesignTokens" : {
              "styleId" : "S:a3caceb711f7afe31bf512680c09aaff588602c9,",
              "exportKey" : "color"
            }
          }
        },
        "negative075" : {
          "description" : "$palette-negative-075 (E5)\n\nhex: : #FDB4AA\nL*: 79.86 (80)\n\n#FFFFFF-4.5:1: false\n#FFFFFF-3.0:1: false\n#000000-4.5:1: true\n#000000-3.0:1: true\n",
          "type" : "color",
          "value" : "#fdb4aaff",
          "blendMode" : "normal",
          "extensions" : {
            "org.lukasoppermann.figmaDesignTokens" : {
              "styleId" : "S:523ba6b1778fda1cb8c8c546efe903beefc81168,",
              "exportKey" : "color"
            }
          }
        },
        "negative085" : {
          "description" : "$palette-negative-085 (E7)\n\nhex: : #FA8D7D\nL*: 70.08 (70)\n\n#FFFFFF-4.5:1: false\n#FFFFFF-3.0:1: false\n#000000-4.5:1: true\n#000000-3.0:1: true\n",
          "type" : "color",
          "value" : "#fa8d7dff",
          "blendMode" : "normal",
          "extensions" : {
            "org.lukasoppermann.figmaDesignTokens" : {
              "styleId" : "S:0a83a60ba857711baa3488eac45a6f1ab78f8a53,",
              "exportKey" : "color"
            }
          }
        },
        "negative100" : {
          "description" : "$palette-negative-100 (E9)\n\nhex: : #F16352\nL*: 60.1 (60)\n\n#FFFFFF-4.5:1: false\n#FFFFFF-3.0:1: true\n#000000-4.5:1: true\n#000000-3.0:1: true\n",
          "type" : "color",
          "value" : "#f16352ff",
          "blendMode" : "normal",
          "extensions" : {
            "org.lukasoppermann.figmaDesignTokens" : {
              "styleId" : "S:8c41c65de34e6f22f8f4261f99fa7755bab9ed07,",
              "exportKey" : "color"
            }
          }
        },
        "negative200" : {
          "description" : "$palette-negative-200 (E10)\n\nhex: : #EA4C3C\nL*: 55.07 (55)\n\n#FFFFFF-4.5:1: false\n#FFFFFF-3.0:1: true\n#000000-4.5:1: true\n#000000-3.0:1: true\n",
          "type" : "color",
          "value" : "#ea4c3cff",
          "blendMode" : "normal",
          "extensions" : {
            "org.lukasoppermann.figmaDesignTokens" : {
              "styleId" : "S:7c6305925a28da9901f6532c173b3422a118e66a,",
              "exportKey" : "color"
            }
          }
        },
        "negative300" : {
          "description" : "$palette-negative-300 (E11)\n\nhex: : #E4281E\nL*: 49.63 (50)\n\n#FFFFFF-4.5:1: true\n#FFFFFF-3.0:1: true\n#000000-4.5:1: true\n#000000-3.0:1: true\n",
          "type" : "color",
          "value" : "#e4281eff",
          "blendMode" : "normal",
          "extensions" : {
            "org.lukasoppermann.figmaDesignTokens" : {
              "styleId" : "S:c29c2009a219addbf746ddaf2c1c8ebcd454263c,",
              "exportKey" : "color"
            }
          }
        },
        "negative400" : {
          "description" : "$palette-negative-400 (E12)\n\nhex: : #E10000\nL*: 46.99 (45)\n\n#FFFFFF-4.5:1: true\n#FFFFFF-3.0:1: true\n#000000-4.5:1: false\n#000000-3.0:1: true\n",
          "type" : "color",
          "value" : "#e10000ff",
          "blendMode" : "normal",
          "extensions" : {
            "org.lukasoppermann.figmaDesignTokens" : {
              "styleId" : "S:35dd9f329082f60ac3df1a7ca073e26c5b81cd31,",
              "exportKey" : "color"
            }
          }
        },
        "negative500" : {
          "description" : "$palette-negative-500 (E13)\n\nhex: : #C10000\nL*: 40.15 (40)\n\n#FFFFFF-4.5:1: true\n#FFFFFF-3.0:1: true\n#000000-4.5:1: false\n#000000-3.0:1: true\n",
          "type" : "color",
          "value" : "#c10000ff",
          "blendMode" : "normal",
          "extensions" : {
            "org.lukasoppermann.figmaDesignTokens" : {
              "styleId" : "S:f4013d4d1bfbda1cea12a58e4ea66e9ab2d95edc,",
              "exportKey" : "color"
            }
          }
        },
        "negative600" : {
          "description" : "$palette-negative-600 (E15)\n\nhex: : #930201\nL*: 30.04 (30)\n\n#FFFFFF-4.5:1: true\n#FFFFFF-3.0:1: true\n#000000-4.5:1: false\n#000000-3.0:1: false\n",
          "type" : "color",
          "value" : "#930201ff",
          "blendMode" : "normal",
          "extensions" : {
            "org.lukasoppermann.figmaDesignTokens" : {
              "styleId" : "S:49c12fb4201091c820a7cb9548d831b6967c7e61,",
              "exportKey" : "color"
            }
          }
        },
        "negative700" : {
          "description" : "$palette-negative-700 (E17)\n\nhex: : #690000\nL*: 20.06 (20)\n\n#FFFFFF-4.5:1: true\n#FFFFFF-3.0:1: true\n#000000-4.5:1: false\n#000000-3.0:1: false\n",
          "type" : "color",
          "value" : "#690000ff",
          "blendMode" : "normal",
          "extensions" : {
            "org.lukasoppermann.figmaDesignTokens" : {
              "styleId" : "S:2e574a12db2eb2526896da4dfa57ea7cc9cb9009,",
              "exportKey" : "color"
            }
          }
        },
        "negative800" : {
          "description" : "$palette-negative-800 (E18)\n\nhex: : #540202\nL*: 15.13 (15)\n\n#FFFFFF-4.5:1: true\n#FFFFFF-3.0:1: true\n#000000-4.5:1: false\n#000000-3.0:1: false\n",
          "type" : "color",
          "value" : "#540202ff",
          "blendMode" : "normal",
          "extensions" : {
            "org.lukasoppermann.figmaDesignTokens" : {
              "styleId" : "S:388e477d51fc4ae9d67b6dd24d464287f4f5ce59,",
              "exportKey" : "color"
            }
          }
        },
        "negative900" : {
          "description" : "$palette-negative-900 (E19)\n\nhex: : #410000\nL*: 9.99 (10)\n\n#FFFFFF-4.5:1: true\n#FFFFFF-3.0:1: true\n#000000-4.5:1: false\n#000000-3.0:1: false\n",
          "type" : "color",
          "value" : "#410000ff",
          "blendMode" : "normal",
          "extensions" : {
            "org.lukasoppermann.figmaDesignTokens" : {
              "styleId" : "S:13004780c7ee73a3cce5490c1dc0e441f0bf6101,",
              "exportKey" : "color"
            }
          }
        }
      },
      "highlight" : {
        "highlight015" : {
          "description" : "$palette-highlight-015 (F1)\n\nhex: : #FEF8E7\nL*: 97.62 (97.5)\n\n#FFFFFF-4.5:1: false\n#FFFFFF-3.0:1: false\n#000000-4.5:1: true\n#000000-3.0:1: true\n",
          "type" : "color",
          "value" : "#fef8e7ff",
          "blendMode" : "normal",
          "extensions" : {
            "org.lukasoppermann.figmaDesignTokens" : {
              "styleId" : "S:efce19f5eab0fb392baa9831aba7d9f80e17fde9,",
              "exportKey" : "color"
            }
          }
        },
        "highlight025" : {
          "description" : "$palette-highlight-025 (F2)\n\nhex: : #FFF0C6\nL*: 95.02 (95)\n\n#FFFFFF-4.5:1: false\n#FFFFFF-3.0:1: false\n#000000-4.5:1: true\n#000000-3.0:1: true\n",
          "type" : "color",
          "value" : "#fff0c6ff",
          "blendMode" : "normal",
          "extensions" : {
            "org.lukasoppermann.figmaDesignTokens" : {
              "styleId" : "S:a3de30f3cf9c1bbbbd79a9d6dc4903315c7f17b0,",
              "exportKey" : "color"
            }
          }
        },
        "highlight050" : {
          "description" : "$palette-highlight-050 (F3)\n\nhex: : #FEE091\nL*: 90.06 (90)\n\n#FFFFFF-4.5:1: false\n#FFFFFF-3.0:1: false\n#000000-4.5:1: true\n#000000-3.0:1: true\n",
          "type" : "color",
          "value" : "#fee091ff",
          "blendMode" : "normal",
          "extensions" : {
            "org.lukasoppermann.figmaDesignTokens" : {
              "styleId" : "S:4790186c3a49fa8ca198fa14ea8735ed6829c2eb,",
              "exportKey" : "color"
            }
          }
        },
        "highlight075" : {
          "description" : "$palette-highlight-075 (F4)\n\nhex: : #FFCF3D\nL*: 85.11 (85)\n\n#FFFFFF-4.5:1: false\n#FFFFFF-3.0:1: false\n#000000-4.5:1: true\n#000000-3.0:1: true\n",
          "type" : "color",
          "value" : "#ffcf3dff",
          "blendMode" : "normal",
          "extensions" : {
            "org.lukasoppermann.figmaDesignTokens" : {
              "styleId" : "S:18d0ec789bf3e4b9881ccd754d820e9091bff5ff,",
              "exportKey" : "color"
            }
          }
        },
        "highlight085" : {
          "description" : "$palette-highlight-085 (F7)\n\nhex: : #CEA730\nL*: 70.16 (70)\n\n#FFFFFF-4.5:1: false\n#FFFFFF-3.0:1: false\n#000000-4.5:1: true\n#000000-3.0:1: true\n",
          "type" : "color",
          "value" : "#cea730ff",
          "blendMode" : "normal",
          "extensions" : {
            "org.lukasoppermann.figmaDesignTokens" : {
              "styleId" : "S:314a81772b4cdd4d65613e740ea12b67d94adae3,",
              "exportKey" : "color"
            }
          }
        },
        "highlight100" : {
          "description" : "$palette-highlight-100 (F9)\n\nhex: : #AF8D27\nL*: 60.17 (60)\n\n#FFFFFF-4.5:1: false\n#FFFFFF-3.0:1: true\n#000000-4.5:1: true\n#000000-3.0:1: true\n",
          "type" : "color",
          "value" : "#af8d27ff",
          "blendMode" : "normal",
          "extensions" : {
            "org.lukasoppermann.figmaDesignTokens" : {
              "styleId" : "S:7a82452e5810b0066d920846a39970656e6802be,",
              "exportKey" : "color"
            }
          }
        },
        "highlight200" : {
          "description" : "$palette-highlight-200 (F10)\n\nhex: : #9F8023\nL*: 55 (55)\n\n#FFFFFF-4.5:1: false\n#FFFFFF-3.0:1: true\n#000000-4.5:1: true\n#000000-3.0:1: true\n",
          "type" : "color",
          "value" : "#9f8023ff",
          "blendMode" : "normal",
          "extensions" : {
            "org.lukasoppermann.figmaDesignTokens" : {
              "styleId" : "S:1f7c1a9a690ae4c9e5627f384a7698f07b2c1238,",
              "exportKey" : "color"
            }
          }
        },
        "highlight300" : {
          "description" : "$palette-highlight-300 (F11)\n\nhex: : #8F731C\nL*: 49.72 (50)\n\n#FFFFFF-4.5:1: true\n#FFFFFF-3.0:1: true\n#000000-4.5:1: true\n#000000-3.0:1: true\n",
          "type" : "color",
          "value" : "#8f731cff",
          "blendMode" : "normal",
          "extensions" : {
            "org.lukasoppermann.figmaDesignTokens" : {
              "styleId" : "S:59efc7a232ff8b5c2eafbf46892031cbc2db7cb2,",
              "exportKey" : "color"
            }
          }
        },
        "highlight400" : {
          "description" : "$palette-highlight-400 (F12)\n\nhex: : #81681A\nL*: 45.14 (45)\n\n#FFFFFF-4.5:1: true\n#FFFFFF-3.0:1: true\n#000000-4.5:1: false\n#000000-3.0:1: true\n",
          "type" : "color",
          "value" : "#81681aff",
          "blendMode" : "normal",
          "extensions" : {
            "org.lukasoppermann.figmaDesignTokens" : {
              "styleId" : "S:8c7570e7cbe39411e97eb42bfcab9590a7203200,",
              "exportKey" : "color"
            }
          }
        },
        "highlight500" : {
          "description" : "$palette-highlight-500 (F13)\n\nhex: : #735B17\nL*: 39.9 (40)\n\n#FFFFFF-4.5:1: true\n#FFFFFF-3.0:1: true\n#000000-4.5:1: false\n#000000-3.0:1: true\n",
          "type" : "color",
          "value" : "#735b17ff",
          "blendMode" : "normal",
          "extensions" : {
            "org.lukasoppermann.figmaDesignTokens" : {
              "styleId" : "S:bdf0df095038e59f2a503d5b5f14f29d9a54030d,",
              "exportKey" : "color"
            }
          }
        },
        "highlight600" : {
          "description" : "$palette-highlight-600 (F15)\n\nhex: : #56450F\nL*: 30.08 (30)\n\n#FFFFFF-4.5:1: true\n#FFFFFF-3.0:1: true\n#000000-4.5:1: false\n#000000-3.0:1: false\n",
          "type" : "color",
          "value" : "#56450fff",
          "blendMode" : "normal",
          "extensions" : {
            "org.lukasoppermann.figmaDesignTokens" : {
              "styleId" : "S:aa35e1233026a459aa577a86fd3ca6fb39e3485e,",
              "exportKey" : "color"
            }
          }
        },
        "highlight700" : {
          "description" : "$palette-highlight-700 (F17)\n\nhex: : #3D2F02\nL*: 20.16 (20)\n\n#FFFFFF-4.5:1: true\n#FFFFFF-3.0:1: true\n#000000-4.5:1: false\n#000000-3.0:1: false\n",
          "type" : "color",
          "value" : "#3d2f02ff",
          "blendMode" : "normal",
          "extensions" : {
            "org.lukasoppermann.figmaDesignTokens" : {
              "styleId" : "S:3d129204e9ac46b6a88ecb7e766cb6a7c0fd4eda,",
              "exportKey" : "color"
            }
          }
        },
        "highlight800" : {
          "description" : "$palette-highlight-800 (F18)\n\nhex: : #2F2407\nL*: 14.85 (15)\n\n#FFFFFF-4.5:1: true\n#FFFFFF-3.0:1: true\n#000000-4.5:1: false\n#000000-3.0:1: false\n",
          "type" : "color",
          "value" : "#2f2407ff",
          "blendMode" : "normal",
          "extensions" : {
            "org.lukasoppermann.figmaDesignTokens" : {
              "styleId" : "S:ee13ec46488a7cf2e919dae41ab3ae2857200c22,",
              "exportKey" : "color"
            }
          }
        },
        "highlight900" : {
          "description" : "$palette-highlight-900 (F19)\n\nhex: : #241A00\nL*: 9.91 (10)\n\n#FFFFFF-4.5:1: true\n#FFFFFF-3.0:1: true\n#000000-4.5:1: false\n#000000-3.0:1: false\n",
          "type" : "color",
          "value" : "#241a00ff",
          "blendMode" : "normal",
          "extensions" : {
            "org.lukasoppermann.figmaDesignTokens" : {
              "styleId" : "S:1b12461759a50bbed23e94929444e6f7645e3e04,",
              "exportKey" : "color"
            }
          }
        }
      },
      "attention" : {
        "attention015" : {
          "description" : "$palette-attention-015 (G1)\n\nhex: : #FFF6F0\nL*: 97.42 (97.5)\n\n#FFFFFF-4.5:1: false\n#FFFFFF-3.0:1: false\n#000000-4.5:1: true\n#000000-3.0:1: true\n",
          "type" : "color",
          "value" : "#fff6f0ff",
          "blendMode" : "normal",
          "extensions" : {
            "org.lukasoppermann.figmaDesignTokens" : {
              "styleId" : "S:29dc510d4df654fe4c8868a4f02318ef335e2e33,",
              "exportKey" : "color"
            }
          }
        },
        "attention025" : {
          "description" : "$palette-attention-025 (G2)\n\nhex: : #FFEDE1\nL*: 94.85 (95)\n\n#FFFFFF-4.5:1: false\n#FFFFFF-3.0:1: false\n#000000-4.5:1: true\n#000000-3.0:1: true\n",
          "type" : "color",
          "value" : "#ffede1ff",
          "blendMode" : "normal",
          "extensions" : {
            "org.lukasoppermann.figmaDesignTokens" : {
              "styleId" : "S:8ef7684cc9daefc40d68eecf54fee77e9df811de,",
              "exportKey" : "color"
            }
          }
        },
        "attention050" : {
          "description" : "$palette-attention-050 (G3)\n\nhex: : #FEDCC8\nL*: 90.06 (90)\n\n#FFFFFF-4.5:1: false\n#FFFFFF-3.0:1: false\n#000000-4.5:1: true\n#000000-3.0:1: true\n",
          "type" : "color",
          "value" : "#fedcc8ff",
          "blendMode" : "normal",
          "extensions" : {
            "org.lukasoppermann.figmaDesignTokens" : {
              "styleId" : "S:6a156e4a9bf7b6051dd6f3bb0496f61adee667de,",
              "exportKey" : "color"
            }
          }
        },
        "attention075" : {
          "description" : "$palette-attention-075 (G5)\n\nhex: : #FFB68A\nL*: 79.93 (80)\n\n#FFFFFF-4.5:1: false\n#FFFFFF-3.0:1: false\n#000000-4.5:1: true\n#000000-3.0:1: true\n",
          "type" : "color",
          "value" : "#ffb68aff",
          "blendMode" : "normal",
          "extensions" : {
            "org.lukasoppermann.figmaDesignTokens" : {
              "styleId" : "S:6d3e0f3429cdd4a5349a1796183e197bdf640e68,",
              "exportKey" : "color"
            }
          }
        },
        "attention085" : {
          "description" : "$palette-attention-085 (G7)\n\nhex: : #F8914B\nL*: 69.98 (70)\n\n#FFFFFF-4.5:1: false\n#FFFFFF-3.0:1: false\n#000000-4.5:1: true\n#000000-3.0:1: true\n",
          "type" : "color",
          "value" : "#f8914bff",
          "blendMode" : "normal",
          "extensions" : {
            "org.lukasoppermann.figmaDesignTokens" : {
              "styleId" : "S:0137a59541d68b87c347f7c7215a18a014c700ad,",
              "exportKey" : "color"
            }
          }
        },
        "attention100" : {
          "description" : "$palette-attention-100 (G8)\n\nhex: : #F57C13\nL*: 64.87 (65)\n\n#FFFFFF-4.5:1: false\n#FFFFFF-3.0:1: false\n#000000-4.5:1: true\n#000000-3.0:1: true\n",
          "type" : "color",
          "value" : "#f57c13ff",
          "blendMode" : "normal",
          "extensions" : {
            "org.lukasoppermann.figmaDesignTokens" : {
              "styleId" : "S:612310dfca8156647422b1c2683776dc829e72bd,",
              "exportKey" : "color"
            }
          }
        },
        "attention200" : {
          "description" : "$palette-attention-200 (G10)\n\nhex: : #CE670E\nL*: 54.93 (55)\n\n#FFFFFF-4.5:1: false\n#FFFFFF-3.0:1: true\n#000000-4.5:1: true\n#000000-3.0:1: true\n",
          "type" : "color",
          "value" : "#ce670eff",
          "blendMode" : "normal",
          "extensions" : {
            "org.lukasoppermann.figmaDesignTokens" : {
              "styleId" : "S:b176d8d15613ae88413f251febf909b329422227,",
              "exportKey" : "color"
            }
          }
        },
        "attention300" : {
          "description" : "$palette-attention-300 (G11)\n\nhex: : #B95D0E\nL*: 49.71 (50)\n\n#FFFFFF-4.5:1: true\n#FFFFFF-3.0:1: true\n#000000-4.5:1: true\n#000000-3.0:1: true\n",
          "type" : "color",
          "value" : "#b95d0eff",
          "blendMode" : "normal",
          "extensions" : {
            "org.lukasoppermann.figmaDesignTokens" : {
              "styleId" : "S:1b4ed66d43e37c3f61987469af212c367b0dc729,",
              "exportKey" : "color"
            }
          }
        },
        "attention400" : {
          "description" : "$palette-attention-400 (G12)\n\nhex: : #A95307\nL*: 45.14 (45)\n\n#FFFFFF-4.5:1: true\n#FFFFFF-3.0:1: true\n#000000-4.5:1: false\n#000000-3.0:1: true\n",
          "type" : "color",
          "value" : "#a95307ff",
          "blendMode" : "normal",
          "extensions" : {
            "org.lukasoppermann.figmaDesignTokens" : {
              "styleId" : "S:630a6f66c7b45ff605ae56f9d6bfd6afb7ba3695,",
              "exportKey" : "color"
            }
          }
        },
        "attention500" : {
          "description" : "$palette-attention-500 (G13)\n\nhex: : #954A09\nL*: 40.1 (40)\n\n#FFFFFF-4.5:1: true\n#FFFFFF-3.0:1: true\n#000000-4.5:1: false\n#000000-3.0:1: true\n",
          "type" : "color",
          "value" : "#954a09ff",
          "blendMode" : "normal",
          "extensions" : {
            "org.lukasoppermann.figmaDesignTokens" : {
              "styleId" : "S:428e6428d59e46b409b20f1b7d2d25a2a2c6c3a5,",
              "exportKey" : "color"
            }
          }
        },
        "attention600" : {
          "description" : "$palette-attention-600 (G15)\n\nhex: : #723605\nL*: 29.98 (30)\n\n#FFFFFF-4.5:1: true\n#FFFFFF-3.0:1: true\n#000000-4.5:1: false\n#000000-3.0:1: false\n",
          "type" : "color",
          "value" : "#723605ff",
          "blendMode" : "normal",
          "extensions" : {
            "org.lukasoppermann.figmaDesignTokens" : {
              "styleId" : "S:9741cfe1aeabaaca54b0a8004392cc359a9ffae2,",
              "exportKey" : "color"
            }
          }
        },
        "attention700" : {
          "description" : "$palette-attention-700 (G17)\n\nhex: : #502404\nL*: 19.95 (20)\n\n#FFFFFF-4.5:1: true\n#FFFFFF-3.0:1: true\n#000000-4.5:1: false\n#000000-3.0:1: false\n",
          "type" : "color",
          "value" : "#502404ff",
          "blendMode" : "normal",
          "extensions" : {
            "org.lukasoppermann.figmaDesignTokens" : {
              "styleId" : "S:4d14e3fabc7717ac895e98b726aa9eb65268699d,",
              "exportKey" : "color"
            }
          }
        },
        "attention800" : {
          "description" : "$palette-attention-800 (G18)\n\nhex: : #401C00\nL*: 15.07 (15)\n\n#FFFFFF-4.5:1: true\n#FFFFFF-3.0:1: true\n#000000-4.5:1: false\n#000000-3.0:1: false\n",
          "type" : "color",
          "value" : "#401c00ff",
          "blendMode" : "normal",
          "extensions" : {
            "org.lukasoppermann.figmaDesignTokens" : {
              "styleId" : "S:83d055fe2455b38fe67a6f327fdd76960916bfa4,",
              "exportKey" : "color"
            }
          }
        },
        "attention900" : {
          "description" : "$palette-attention-900 (G19)\n\nhex: : #301307\nL*: 9.87 (10)\n\n#FFFFFF-4.5:1: true\n#FFFFFF-3.0:1: true\n#000000-4.5:1: false\n#000000-3.0:1: false\n",
          "type" : "color",
          "value" : "#301307ff",
          "blendMode" : "normal",
          "extensions" : {
            "org.lukasoppermann.figmaDesignTokens" : {
              "styleId" : "S:e8274dff9b10b03d61a26dc5a4e5c7f73a3bbdf4,",
              "exportKey" : "color"
            }
          }
        }
      },
      "info" : {
        "info015" : {
          "description" : "$palette-info-015 (H1)\n\nhex: : #F3F8FF\nL*: 97.39 (97.5)\n\n#FFFFFF-4.5:1: false\n#FFFFFF-3.0:1: false\n#000000-4.5:1: true\n#000000-3.0:1: true\n",
          "type" : "color",
          "value" : "#f3f8ffff",
          "blendMode" : "normal",
          "extensions" : {
            "org.lukasoppermann.figmaDesignTokens" : {
              "styleId" : "S:199607ae646461e29345019a3fb8c0cd328c8f44,",
              "exportKey" : "color"
            }
          }
        },
        "info025" : {
          "description" : "$palette-info-025 (H2)\n\nhex: : #E8F2FF\nL*: 95.11 (95)\n\n#FFFFFF-4.5:1: false\n#FFFFFF-3.0:1: false\n#000000-4.5:1: true\n#000000-3.0:1: true\n",
          "type" : "color",
          "value" : "#e8f2ffff",
          "blendMode" : "normal",
          "extensions" : {
            "org.lukasoppermann.figmaDesignTokens" : {
              "styleId" : "S:6a2d03e3b1917a41666167f63d855e4c0a57720c,",
              "exportKey" : "color"
            }
          }
        },
        "info050" : {
          "description" : "$palette-info-050 (H3)\n\nhex: : #D3E4FE\nL*: 90.09 (90)\n\n#FFFFFF-4.5:1: false\n#FFFFFF-3.0:1: false\n#000000-4.5:1: true\n#000000-3.0:1: true\n",
          "type" : "color",
          "value" : "#d3e4feff",
          "blendMode" : "normal",
          "extensions" : {
            "org.lukasoppermann.figmaDesignTokens" : {
              "styleId" : "S:8e74acd78848b076f2a57a20afea4c004d685538,",
              "exportKey" : "color"
            }
          }
        },
        "info075" : {
          "description" : "$palette-info-075 (H5)\n\nhex: : #A6C8FF\nL*: 79.97 (80)\n\n#FFFFFF-4.5:1: false\n#FFFFFF-3.0:1: false\n#000000-4.5:1: true\n#000000-3.0:1: true\n",
          "type" : "color",
          "value" : "#a6c8ffff",
          "blendMode" : "normal",
          "extensions" : {
            "org.lukasoppermann.figmaDesignTokens" : {
              "styleId" : "S:1705ca2f1a6dcc8ff927aee60772d83bf46c46e1,",
              "exportKey" : "color"
            }
          }
        },
        "info085" : {
          "description" : "$palette-info-085 (H7)\n\nhex: : #7BABFF\nL*: 69.86 (70)\n\n#FFFFFF-4.5:1: false\n#FFFFFF-3.0:1: false\n#000000-4.5:1: true\n#000000-3.0:1: true\n",
          "type" : "color",
          "value" : "#7babffff",
          "blendMode" : "normal",
          "extensions" : {
            "org.lukasoppermann.figmaDesignTokens" : {
              "styleId" : "S:edad07b04e293a6585399fd7fadfba5977ccfd37,",
              "exportKey" : "color"
            }
          }
        },
        "info100" : {
          "description" : "$palette-info-100 (H9)\n\nhex: : #518DFF\nL*: 59.9 (60)\n\n#FFFFFF-4.5:1: false\n#FFFFFF-3.0:1: true\n#000000-4.5:1: true\n#000000-3.0:1: true\n",
          "type" : "color",
          "value" : "#518dffff",
          "blendMode" : "normal",
          "extensions" : {
            "org.lukasoppermann.figmaDesignTokens" : {
              "styleId" : "S:a024eb0e4578ba458a88360258df5b63a863c753,",
              "exportKey" : "color"
            }
          }
        },
        "info200" : {
          "description" : "$palette-info-200 (H10)\n\nhex: : #3A7EFD\nL*: 54.98 (55)\n\n#FFFFFF-4.5:1: false\n#FFFFFF-3.0:1: true\n#000000-4.5:1: true\n#000000-3.0:1: true\n",
          "type" : "color",
          "value" : "#3a7efdff",
          "blendMode" : "normal",
          "extensions" : {
            "org.lukasoppermann.figmaDesignTokens" : {
              "styleId" : "S:22ff79b468f81a0478c1611b122d79834a2e5813,",
              "exportKey" : "color"
            }
          }
        },
        "info300" : {
          "description" : "$palette-info-300 (H11)\n\nhex: : #206CFF\nL*: 49.8 (50)\n\n#FFFFFF-4.5:1: true\n#FFFFFF-3.0:1: true\n#000000-4.5:1: true\n#000000-3.0:1: true\n",
          "type" : "color",
          "value" : "#206cffff",
          "blendMode" : "normal",
          "extensions" : {
            "org.lukasoppermann.figmaDesignTokens" : {
              "styleId" : "S:efc47a2d9ecf6b63390487c1a5ffbdfe26bc0b23,",
              "exportKey" : "color"
            }
          }
        },
        "info400" : {
          "description" : "$palette-info-400 (H12)\n\nhex: : #0F62FE\nL*: 46.96 (45)\n\n#FFFFFF-4.5:1: true\n#FFFFFF-3.0:1: true\n#000000-4.5:1: false\n#000000-3.0:1: true\n",
          "type" : "color",
          "value" : "#0f62feff",
          "blendMode" : "normal",
          "extensions" : {
            "org.lukasoppermann.figmaDesignTokens" : {
              "styleId" : "S:27627f897ee82d1050853797132f8d001256495b,",
              "exportKey" : "color"
            }
          }
        },
        "info500" : {
          "description" : "$palette-info-500 (H13)\n\nhex: : #0353DA\nL*: 40.02 (40)\n\n#FFFFFF-4.5:1: true\n#FFFFFF-3.0:1: true\n#000000-4.5:1: false\n#000000-3.0:1: true\n",
          "type" : "color",
          "value" : "#0353daff",
          "blendMode" : "normal",
          "extensions" : {
            "org.lukasoppermann.figmaDesignTokens" : {
              "styleId" : "S:172d45f08b5a1c2535c640de69b9507b041bbb15,",
              "exportKey" : "color"
            }
          }
        },
        "info600" : {
          "description" : "$palette-info-600 (H15)\n\nhex: : #093EA6\nL*: 30.05 (30)\n\n#FFFFFF-4.5:1: true\n#FFFFFF-3.0:1: true\n#000000-4.5:1: false\n#000000-3.0:1: false\n",
          "type" : "color",
          "value" : "#093ea6ff",
          "blendMode" : "normal",
          "extensions" : {
            "org.lukasoppermann.figmaDesignTokens" : {
              "styleId" : "S:4a3edd331912a4dd202a2bb29de767c3cde8484e,",
              "exportKey" : "color"
            }
          }
        },
        "info700" : {
          "description" : "$palette-info-700 (H17)\n\nhex: : #012979\nL*: 19.93 (20)\n\n#FFFFFF-4.5:1: true\n#FFFFFF-3.0:1: true\n#000000-4.5:1: false\n#000000-3.0:1: false\n",
          "type" : "color",
          "value" : "#012979ff",
          "blendMode" : "normal",
          "extensions" : {
            "org.lukasoppermann.figmaDesignTokens" : {
              "styleId" : "S:a72249352a19722bbb1c0a078ad8e43e0fd2dd7a,",
              "exportKey" : "color"
            }
          }
        },
        "info800" : {
          "description" : "$palette-info-800 (H18)\n\nhex: : #05205F\nL*: 14.91 (15)\n\n#FFFFFF-4.5:1: true\n#FFFFFF-3.0:1: true\n#000000-4.5:1: false\n#000000-3.0:1: false\n",
          "type" : "color",
          "value" : "#05205fff",
          "blendMode" : "normal",
          "extensions" : {
            "org.lukasoppermann.figmaDesignTokens" : {
              "styleId" : "S:e2ddf0a575c3a193df9c6341a091fe920c252006,",
              "exportKey" : "color"
            }
          }
        },
        "info900" : {
          "description" : "$palette-info-900 (H19)\n\nhex: : #01174B\nL*: 10.01 (10)\n\n#FFFFFF-4.5:1: true\n#FFFFFF-3.0:1: true\n#000000-4.5:1: false\n#000000-3.0:1: false\n",
          "type" : "color",
          "value" : "#01174bff",
          "blendMode" : "normal",
          "extensions" : {
            "org.lukasoppermann.figmaDesignTokens" : {
              "styleId" : "S:d64e8ab67a4f50feac6f39e7d6ab017a8e99936a,",
              "exportKey" : "color"
            }
          }
        }
      },
      "system" : {
        "system015" : {
          "description" : "$palette-system-015 (I1)\n\nhex: : #F3F9FF\nL*: 97.64 (97.5)\n\n#FFFFFF-4.5:1: false\n#FFFFFF-3.0:1: false\n#000000-4.5:1: true\n#000000-3.0:1: true\n",
          "type" : "color",
          "value" : "#f3f9ffff",
          "blendMode" : "normal",
          "extensions" : {
            "org.lukasoppermann.figmaDesignTokens" : {
              "styleId" : "S:7c121f70cc235456e1b074561d54ddaa9b04fc90,",
              "exportKey" : "color"
            }
          }
        },
        "system025" : {
          "description" : "$palette-system-025 (I2)\n\nhex: : #E5F2FF\nL*: 94.9 (95)\n\n#FFFFFF-4.5:1: false\n#FFFFFF-3.0:1: false\n#000000-4.5:1: true\n#000000-3.0:1: true\n",
          "type" : "color",
          "value" : "#e5f2ffff",
          "blendMode" : "normal",
          "extensions" : {
            "org.lukasoppermann.figmaDesignTokens" : {
              "styleId" : "S:f45069d31c2c907ad0d389844261b9692990c494,",
              "exportKey" : "color"
            }
          }
        },
        "system050" : {
          "description" : "$palette-system-050 (I3)\n\nhex: : #CFE4FF\nL*: 89.85 (90)\n\n#FFFFFF-4.5:1: false\n#FFFFFF-3.0:1: false\n#000000-4.5:1: true\n#000000-3.0:1: true\n",
          "type" : "color",
          "value" : "#cfe4ffff",
          "blendMode" : "normal",
          "extensions" : {
            "org.lukasoppermann.figmaDesignTokens" : {
              "styleId" : "S:f312bac5d88bc18c13c04e4c7747495cf7523e77,",
              "exportKey" : "color"
            }
          }
        },
        "system075" : {
          "description" : "$palette-system-075 (I5)\n\nhex: : #A0C9FF\nL*: 79.88 (80)\n\n#FFFFFF-4.5:1: false\n#FFFFFF-3.0:1: false\n#000000-4.5:1: true\n#000000-3.0:1: true\n",
          "type" : "color",
          "value" : "#a0c9ffff",
          "blendMode" : "normal",
          "extensions" : {
            "org.lukasoppermann.figmaDesignTokens" : {
              "styleId" : "S:650236a2fd5f268eee26080902110795748d3d9c,",
              "exportKey" : "color"
            }
          }
        },
        "system085" : {
          "description" : "$palette-system-085 (I7)\n\nhex: : #70ADFF\nL*: 69.86 (70)\n\n#FFFFFF-4.5:1: false\n#FFFFFF-3.0:1: false\n#000000-4.5:1: true\n#000000-3.0:1: true\n",
          "type" : "color",
          "value" : "#70adffff",
          "blendMode" : "normal",
          "extensions" : {
            "org.lukasoppermann.figmaDesignTokens" : {
              "styleId" : "S:9da7f63f3e6fc7a019ca64b7a72cffaaa586df4e,",
              "exportKey" : "color"
            }
          }
        },
        "system100" : {
          "description" : "$palette-system-100 (I9)\n\nhex: : #3E90FD\nL*: 59.94 (60)\n\n#FFFFFF-4.5:1: false\n#FFFFFF-3.0:1: true\n#000000-4.5:1: true\n#000000-3.0:1: true\n",
          "type" : "color",
          "value" : "#3e90fdff",
          "blendMode" : "normal",
          "extensions" : {
            "org.lukasoppermann.figmaDesignTokens" : {
              "styleId" : "S:d6e6bfc182eb50dd1082942e5c5c5f7ae2909e01,",
              "exportKey" : "color"
            }
          }
        },
        "system200" : {
          "description" : "$palette-system-200 (I10)\n\nhex: : #007AFF\nL*: 53.1 (55)\n\n#FFFFFF-4.5:1: false\n#FFFFFF-3.0:1: true\n#000000-4.5:1: true\n#000000-3.0:1: true\n",
          "type" : "color",
          "value" : "#007affff",
          "blendMode" : "normal",
          "extensions" : {
            "org.lukasoppermann.figmaDesignTokens" : {
              "styleId" : "S:2ba3942a9709addb9055188372f464709026fcb5,",
              "exportKey" : "color"
            }
          }
        },
        "system300" : {
          "description" : "$palette-system-300 (I11)\n\nhex: : #0472EE\nL*: 49.77 (50)\n\n#FFFFFF-4.5:1: true\n#FFFFFF-3.0:1: true\n#000000-4.5:1: true\n#000000-3.0:1: true\n",
          "type" : "color",
          "value" : "#0472eeff",
          "blendMode" : "normal",
          "extensions" : {
            "org.lukasoppermann.figmaDesignTokens" : {
              "styleId" : "S:5b0c450161883d927cf5e5f48b99353afcee92aa,",
              "exportKey" : "color"
            }
          }
        },
        "system400" : {
          "description" : "$palette-system-400 (I12)\n\nhex: : #0A66D8\nL*: 44.97 (45)\n\n#FFFFFF-4.5:1: true\n#FFFFFF-3.0:1: true\n#000000-4.5:1: false\n#000000-3.0:1: true\n",
          "type" : "color",
          "value" : "#0a66d8ff",
          "blendMode" : "normal",
          "extensions" : {
            "org.lukasoppermann.figmaDesignTokens" : {
              "styleId" : "S:4b07c434c0467a91026bb969bb9211691c9d42b5,",
              "exportKey" : "color"
            }
          }
        },
        "system500" : {
          "description" : "$palette-system-500 (I13)\n\nhex: : #005BC0\nL*: 40.06 (40)\n\n#FFFFFF-4.5:1: true\n#FFFFFF-3.0:1: true\n#000000-4.5:1: false\n#000000-3.0:1: true\n",
          "type" : "color",
          "value" : "#005bc0ff",
          "blendMode" : "normal",
          "extensions" : {
            "org.lukasoppermann.figmaDesignTokens" : {
              "styleId" : "S:6aa667ec17efd210e143984fa1dd4b8f502b2965,",
              "exportKey" : "color"
            }
          }
        },
        "system600" : {
          "description" : "$palette-system-600 (I15)\n\nhex: : #034493\nL*: 30.06 (30)\n\n#FFFFFF-4.5:1: true\n#FFFFFF-3.0:1: true\n#000000-4.5:1: false\n#000000-3.0:1: false\n",
          "type" : "color",
          "value" : "#034493ff",
          "blendMode" : "normal",
          "extensions" : {
            "org.lukasoppermann.figmaDesignTokens" : {
              "styleId" : "S:32b98be9114f15aa64f4ff8e9c9a5c563983df8d,",
              "exportKey" : "color"
            }
          }
        },
        "system700" : {
          "description" : "$palette-system-700 (I17)\n\nhex: : #032E68\nL*: 19.93 (20)\n\n#FFFFFF-4.5:1: true\n#FFFFFF-3.0:1: true\n#000000-4.5:1: false\n#000000-3.0:1: false\n",
          "type" : "color",
          "value" : "#032e68ff",
          "blendMode" : "normal",
          "extensions" : {
            "org.lukasoppermann.figmaDesignTokens" : {
              "styleId" : "S:59f1556a1ab3e9465d001e8a106147dcdd2db8ef,",
              "exportKey" : "color"
            }
          }
        },
        "system800" : {
          "description" : "$palette-system-800 (I18)\n\nhex: : #002456\nL*: 15.13 (15)\n\n#FFFFFF-4.5:1: true\n#FFFFFF-3.0:1: true\n#000000-4.5:1: false\n#000000-3.0:1: false\n",
          "type" : "color",
          "value" : "#002456ff",
          "blendMode" : "normal",
          "extensions" : {
            "org.lukasoppermann.figmaDesignTokens" : {
              "styleId" : "S:c6fca2ca208d22a57d95228c3f6e044f8de6ec2b,",
              "exportKey" : "color"
            }
          }
        },
        "system900" : {
          "description" : "$palette-system-900 (I19)\n\nhex: : #011A41\nL*: 10.01 (10)\n\n#FFFFFF-4.5:1: true\n#FFFFFF-3.0:1: true\n#000000-4.5:1: false\n#000000-3.0:1: false\n",
          "type" : "color",
          "value" : "#011a41ff",
          "blendMode" : "normal",
          "extensions" : {
            "org.lukasoppermann.figmaDesignTokens" : {
              "styleId" : "S:d844e6225043515792051c590d21807d59f1873a,",
              "exportKey" : "color"
            }
          }
        }
      },
      "neutral" : {
        "neutral015" : {
          "description" : "$palette-neutral-015 (J1)\n\nhex: : #F8F8F8\nL*: 97.58 (97.5)\n\n#FFFFFF-4.5:1: false\n#FFFFFF-3.0:1: false\n#000000-4.5:1: true\n#000000-3.0:1: true\n",
          "type" : "color",
          "value" : "#f8f8f8ff",
          "blendMode" : "normal",
          "extensions" : {
            "org.lukasoppermann.figmaDesignTokens" : {
              "styleId" : "S:c63e59a81a18d22cca3263dc36feb6cf36619517,",
              "exportKey" : "color"
            }
          }
        },
        "neutral025" : {
          "description" : "$palette-neutral-025 (J2)\n\nhex: : #F1F1F1\nL*: 95.15 (95)\n\n#FFFFFF-4.5:1: false\n#FFFFFF-3.0:1: false\n#000000-4.5:1: true\n#000000-3.0:1: true\n",
          "type" : "color",
          "value" : "#f1f1f1ff",
          "blendMode" : "normal",
          "extensions" : {
            "org.lukasoppermann.figmaDesignTokens" : {
              "styleId" : "S:5367f2466201af533b7e20dc39943c0489849579,",
              "exportKey" : "color"
            }
          }
        },
        "neutral050" : {
          "description" : "$palette-neutral-050 (J3)\n\nhex: : #E2E2E2\nL*: 89.88 (90)\n\n#FFFFFF-4.5:1: false\n#FFFFFF-3.0:1: false\n#000000-4.5:1: true\n#000000-3.0:1: true\n",
          "type" : "color",
          "value" : "#e2e2e2ff",
          "blendMode" : "normal",
          "extensions" : {
            "org.lukasoppermann.figmaDesignTokens" : {
              "styleId" : "S:764daa87485d10e2a8ae7c58225dd318d8570195,",
              "exportKey" : "color"
            }
          }
        },
        "neutral075" : {
          "description" : "$palette-neutral-075 (J5)\n\nhex: : #C6C6C6\nL*: 79.88 (80)\n\n#FFFFFF-4.5:1: false\n#FFFFFF-3.0:1: false\n#000000-4.5:1: true\n#000000-3.0:1: true\n",
          "type" : "color",
          "value" : "#c6c6c6ff",
          "blendMode" : "normal",
          "extensions" : {
            "org.lukasoppermann.figmaDesignTokens" : {
              "styleId" : "S:8d7e432422d3c4f9a8508bfb451652de4d626012,",
              "exportKey" : "color"
            }
          }
        },
        "neutral085" : {
          "description" : "$palette-neutral-085 (J7)\n\nhex: : #ABABAB\nL*: 69.98 (70)\n\n#FFFFFF-4.5:1: false\n#FFFFFF-3.0:1: false\n#000000-4.5:1: true\n#000000-3.0:1: true\n",
          "type" : "color",
          "value" : "#abababff",
          "blendMode" : "normal",
          "extensions" : {
            "org.lukasoppermann.figmaDesignTokens" : {
              "styleId" : "S:7b753fc38ad53388df21db4fed1b1bfe1c9299d2,",
              "exportKey" : "color"
            }
          }
        },
        "neutral100" : {
          "description" : "$palette-neutral-100 (J9)\n\nhex: : #919191\nL*: 60.17 (60)\n\n#FFFFFF-4.5:1: false\n#FFFFFF-3.0:1: true\n#000000-4.5:1: true\n#000000-3.0:1: true\n",
          "type" : "color",
          "value" : "#919191ff",
          "blendMode" : "normal",
          "extensions" : {
            "org.lukasoppermann.figmaDesignTokens" : {
              "styleId" : "S:7fc66653f195f85d4e7738e3eb2c51b2fee92eb0,",
              "exportKey" : "color"
            }
          }
        },
        "neutral200" : {
          "description" : "$palette-neutral-200 (J10)\n\nhex: : #848484\nL*: 55.15 (55)\n\n#FFFFFF-4.5:1: false\n#FFFFFF-3.0:1: true\n#000000-4.5:1: true\n#000000-3.0:1: true\n",
          "type" : "color",
          "value" : "#848484ff",
          "blendMode" : "normal",
          "extensions" : {
            "org.lukasoppermann.figmaDesignTokens" : {
              "styleId" : "S:7676169926aae333ce46886deb7042309aa35eeb,",
              "exportKey" : "color"
            }
          }
        },
        "neutral300" : {
          "description" : "$palette-neutral-300 (J11)\n\nhex: : #767676\nL*: 49.64 (50)\n\n#FFFFFF-4.5:1: true\n#FFFFFF-3.0:1: true\n#000000-4.5:1: true\n#000000-3.0:1: true\n",
          "type" : "color",
          "value" : "#767676ff",
          "blendMode" : "normal",
          "extensions" : {
            "org.lukasoppermann.figmaDesignTokens" : {
              "styleId" : "S:425c815bb41c33bfe0225e743a233781b4af5a58,",
              "exportKey" : "color"
            }
          }
        },
        "neutral400" : {
          "description" : "$palette-neutral-400 (J12)\n\nhex: : #6F6F6F\nL*: 46.84 (45)\n\n#FFFFFF-4.5:1: true\n#FFFFFF-3.0:1: true\n#000000-4.5:1: false\n#000000-3.0:1: true\n",
          "type" : "color",
          "value" : "#6f6f6fff",
          "blendMode" : "normal",
          "extensions" : {
            "org.lukasoppermann.figmaDesignTokens" : {
              "styleId" : "S:6eaeda708d41aa32a81ea7d7214d677073c1ab5f,",
              "exportKey" : "color"
            }
          }
        },
        "neutral500" : {
          "description" : "$palette-neutral-500 (J14)\n\nhex: : #525252\nL*: 34.88 (35)\n\n#FFFFFF-4.5:1: true\n#FFFFFF-3.0:1: true\n#000000-4.5:1: false\n#000000-3.0:1: false\n",
          "type" : "color",
          "value" : "#525252ff",
          "blendMode" : "normal",
          "extensions" : {
            "org.lukasoppermann.figmaDesignTokens" : {
              "styleId" : "S:77e729031e2bc78ea6247cdba5f862e3130e911f,",
              "exportKey" : "color"
            }
          }
        },
        "neutral600" : {
          "description" : "$palette-neutral-600 (J16)\n\nhex: : #3B3B3B\nL*: 24.87 (25)\n\n#FFFFFF-4.5:1: true\n#FFFFFF-3.0:1: true\n#000000-4.5:1: false\n#000000-3.0:1: false\n",
          "type" : "color",
          "value" : "#3b3b3bff",
          "blendMode" : "normal",
          "extensions" : {
            "org.lukasoppermann.figmaDesignTokens" : {
              "styleId" : "S:3d2349ae9630d1a0af4556397f7b89019388c9e6,",
              "exportKey" : "color"
            }
          }
        },
        "neutral700" : {
          "description" : "$palette-neutral-700 (J18)\n\nhex: : #262626\nL*: 15.16 (15)\n\n#FFFFFF-4.5:1: true\n#FFFFFF-3.0:1: true\n#000000-4.5:1: false\n#000000-3.0:1: false\n",
          "type" : "color",
          "value" : "#262626ff",
          "blendMode" : "normal",
          "extensions" : {
            "org.lukasoppermann.figmaDesignTokens" : {
              "styleId" : "S:186bf84a9608e4d5a6e958f9de15905531ec7e2b,",
              "exportKey" : "color"
            }
          }
        },
        "neutral800" : {
          "description" : "$palette-neutral-800 (J19)\n\nhex: : #1B1B1B\nL*: 9.77 (10)\n\n#FFFFFF-4.5:1: true\n#FFFFFF-3.0:1: true\n#000000-4.5:1: false\n#000000-3.0:1: false\n",
          "type" : "color",
          "value" : "#1b1b1bff",
          "blendMode" : "normal",
          "extensions" : {
            "org.lukasoppermann.figmaDesignTokens" : {
              "styleId" : "S:80de6f4fde53e7da745fddf7ae84bc2f3d5d9956,",
              "exportKey" : "color"
            }
          }
        },
        "neutral900" : {
          "description" : "$palette-neutral-900 (J20)\n\nhex: : #111111\nL*: 5.06 (5)\n\n#FFFFFF-4.5:1: true\n#FFFFFF-3.0:1: true\n#000000-4.5:1: false\n#000000-3.0:1: false\n",
          "type" : "color",
          "value" : "#111111ff",
          "blendMode" : "normal",
          "extensions" : {
            "org.lukasoppermann.figmaDesignTokens" : {
              "styleId" : "S:16b2b4248da554b1d617aa5865722d28e19edba6,",
              "exportKey" : "color"
            }
          }
        },
        "b&w" : {
          "black" : {
            "description" : "",
            "type" : "color",
            "value" : "#000000ff",
            "blendMode" : "normal",
            "extensions" : {
              "org.lukasoppermann.figmaDesignTokens" : {
                "styleId" : "S:4365926b37f3c19f1cb3a3326f6a40d4f84cc72b,",
                "exportKey" : "color"
              }
            }
          },
          "white" : {
            "description" : "",
            "type" : "color",
            "value" : "#ffffffff",
            "blendMode" : "normal",
            "extensions" : {
              "org.lukasoppermann.figmaDesignTokens" : {
                "styleId" : "S:29ce81cf4f521833c7460163e585f8d9a867e39b,",
                "exportKey" : "color"
              }
            }
          }
        }
      },
      "alpha" : {
        "black" : {
          "black005" : {
            "description" : "black (5% opacity)",
            "type" : "color",
            "value" : "#0000000d",
            "blendMode" : "normal",
            "extensions" : {
              "org.lukasoppermann.figmaDesignTokens" : {
                "styleId" : "S:4c4762e4bc1220c0faee99738bbd6c32a23f778e,",
                "exportKey" : "color"
              }
            }
          },
          "black010" : {
            "description" : "black (10% opacity)",
            "type" : "color",
            "value" : "#0000001a",
            "blendMode" : "normal",
            "extensions" : {
              "org.lukasoppermann.figmaDesignTokens" : {
                "styleId" : "S:ee48ab250c75714d24f44731e3d1fb9ac67682af,",
                "exportKey" : "color"
              }
            }
          },
          "black020" : {
            "description" : "black (20% opacity)",
            "type" : "color",
            "value" : "#00000033",
            "blendMode" : "normal",
            "extensions" : {
              "org.lukasoppermann.figmaDesignTokens" : {
                "styleId" : "S:039f4cdcc94f90750e140913cac495cb28df0d89,",
                "exportKey" : "color"
              }
            }
          },
          "black030" : {
            "description" : "black (30% opacity)",
            "type" : "color",
            "value" : "#0000004d",
            "blendMode" : "normal",
            "extensions" : {
              "org.lukasoppermann.figmaDesignTokens" : {
                "styleId" : "S:707abc5a9061781fc1879cac2ba40c6eef847228,",
                "exportKey" : "color"
              }
            }
          },
          "black040" : {
            "description" : "black (40% opacity)",
            "type" : "color",
            "value" : "#00000066",
            "blendMode" : "normal",
            "extensions" : {
              "org.lukasoppermann.figmaDesignTokens" : {
                "styleId" : "S:6e9fd52ce0da35c36f3e1c9d5a72381c0cc746f3,",
                "exportKey" : "color"
              }
            }
          },
          "black050" : {
            "description" : "black (50% opacity)",
            "type" : "color",
            "value" : "#00000080",
            "blendMode" : "normal",
            "extensions" : {
              "org.lukasoppermann.figmaDesignTokens" : {
                "styleId" : "S:ab2d421aab325ae5d71fae2c715b383fccc6075a,",
                "exportKey" : "color"
              }
            }
          },
          "black060" : {
            "description" : "black (60% opacity)",
            "type" : "color",
            "value" : "#00000099",
            "blendMode" : "normal",
            "extensions" : {
              "org.lukasoppermann.figmaDesignTokens" : {
                "styleId" : "S:d35b81a48decb796f4cbe01a540833558226102e,",
                "exportKey" : "color"
              }
            }
          },
          "black070" : {
            "description" : "black (70% opacity)",
            "type" : "color",
            "value" : "#000000b3",
            "blendMode" : "normal",
            "extensions" : {
              "org.lukasoppermann.figmaDesignTokens" : {
                "styleId" : "S:44e72d5d3adf8db988319f47106873986e658618,",
                "exportKey" : "color"
              }
            }
          },
          "black080" : {
            "description" : "black (80% opacity)",
            "type" : "color",
            "value" : "#000000cc",
            "blendMode" : "normal",
            "extensions" : {
              "org.lukasoppermann.figmaDesignTokens" : {
                "styleId" : "S:860b2fbc34d428d6883c992b8b80258dd475940e,",
                "exportKey" : "color"
              }
            }
          },
          "black090" : {
            "description" : "black (90% opacity)",
            "type" : "color",
            "value" : "#000000e6",
            "blendMode" : "normal",
            "extensions" : {
              "org.lukasoppermann.figmaDesignTokens" : {
                "styleId" : "S:d8fead47e16026cba791a109424cda4a5a6c4568,",
                "exportKey" : "color"
              }
            }
          },
          "black095" : {
            "description" : "black (95% opacity)",
            "type" : "color",
            "value" : "#000000f2",
            "blendMode" : "normal",
            "extensions" : {
              "org.lukasoppermann.figmaDesignTokens" : {
                "styleId" : "S:2c9d4e5b819f23b974494497b4b1ea8f74adbd28,",
                "exportKey" : "color"
              }
            }
          }
        },
        "white" : {
          "white005" : {
            "description" : "white (5% opacity)",
            "type" : "color",
            "value" : "#ffffff0d",
            "blendMode" : "normal",
            "extensions" : {
              "org.lukasoppermann.figmaDesignTokens" : {
                "styleId" : "S:9d62199ede16c105746653567a82524dfc903733,",
                "exportKey" : "color"
              }
            }
          },
          "white010" : {
            "description" : "white (10% opacity)",
            "type" : "color",
            "value" : "#ffffff1a",
            "blendMode" : "normal",
            "extensions" : {
              "org.lukasoppermann.figmaDesignTokens" : {
                "styleId" : "S:5ec983460d30ee0393559c30f38632c15a25a3ec,",
                "exportKey" : "color"
              }
            }
          },
          "white020" : {
            "description" : "white (20% opacity)",
            "type" : "color",
            "value" : "#ffffff33",
            "blendMode" : "normal",
            "extensions" : {
              "org.lukasoppermann.figmaDesignTokens" : {
                "styleId" : "S:08599cea6105770eff6c5cee9929c6252248c95d,",
                "exportKey" : "color"
              }
            }
          },
          "white030" : {
            "description" : "white (30% opacity)",
            "type" : "color",
            "value" : "#ffffff4d",
            "blendMode" : "normal",
            "extensions" : {
              "org.lukasoppermann.figmaDesignTokens" : {
                "styleId" : "S:bd80f0a20c752e768106942e63744df66b329b96,",
                "exportKey" : "color"
              }
            }
          },
          "white040" : {
            "description" : "white (40% opacity)",
            "type" : "color",
            "value" : "#ffffff66",
            "blendMode" : "normal",
            "extensions" : {
              "org.lukasoppermann.figmaDesignTokens" : {
                "styleId" : "S:f15ccd6dce7bc73b6b55fc0ce176117fb0a2d3d5,",
                "exportKey" : "color"
              }
            }
          },
          "white050" : {
            "description" : "white (50% opacity)",
            "type" : "color",
            "value" : "#ffffff80",
            "blendMode" : "normal",
            "extensions" : {
              "org.lukasoppermann.figmaDesignTokens" : {
                "styleId" : "S:afbf8fa2681d5a88c254c96109784fe7f5335269,",
                "exportKey" : "color"
              }
            }
          },
          "white060" : {
            "description" : "white (60% opacity)",
            "type" : "color",
            "value" : "#ffffff99",
            "blendMode" : "normal",
            "extensions" : {
              "org.lukasoppermann.figmaDesignTokens" : {
                "styleId" : "S:de40b70da6353b40baf9a8c24860758d677bf626,",
                "exportKey" : "color"
              }
            }
          },
          "white070" : {
            "description" : "white (70% opacity)",
            "type" : "color",
            "value" : "#ffffffb3",
            "blendMode" : "normal",
            "extensions" : {
              "org.lukasoppermann.figmaDesignTokens" : {
                "styleId" : "S:ae7826bc8a95348d317cc10e8ec049bf6f1e969c,",
                "exportKey" : "color"
              }
            }
          },
          "white080" : {
            "description" : "white (80% opacity)",
            "type" : "color",
            "value" : "#ffffffcc",
            "blendMode" : "normal",
            "extensions" : {
              "org.lukasoppermann.figmaDesignTokens" : {
                "styleId" : "S:013a11d19bb5e9614007f490a22612d3194b1b10,",
                "exportKey" : "color"
              }
            }
          },
          "white090" : {
            "description" : "white (90% opacity)",
            "type" : "color",
            "value" : "#ffffffe6",
            "blendMode" : "normal",
            "extensions" : {
              "org.lukasoppermann.figmaDesignTokens" : {
                "styleId" : "S:88475caf62110b5d2d57928511ac095d7ee78def,",
                "exportKey" : "color"
              }
            }
          },
          "white095" : {
            "description" : "white (95% opacity)",
            "type" : "color",
            "value" : "#fffffff2",
            "blendMode" : "normal",
            "extensions" : {
              "org.lukasoppermann.figmaDesignTokens" : {
                "styleId" : "S:c6efe2cd73d3ec15f76d2a6a825eb0b3564699b1,",
                "exportKey" : "color"
              }
            }
          }
        }
      }
    }
  }
}